ID,Category,Name,Method,MethodArgument,RegistryPath,RegistryItem,ClassName,Namespace,Property,DefaultValue,RecommendedValue,Operator,Severity
1.1.4.1.1,Office 2016 / Office 365,(L1) Ensure 'Add -on Management' is set to 'Enabled' (Automated),Registry,,HKLM:\SOFTWARE\Microsoft\Internet Explorer\Main\FeatureControl\FEATURE_ADDON_MANAGEMENT,excel.exe,,,,,1,=,Medium
1.1.4.1.2,Office 2016 / Office 365,(L1) Ensure 'Bind to object' is set to 'Enabled' (Automated),Registry,,"HKLM:\SOFTWARE\Microsoft\Internet Explorer\Main\FeatureControl\FEATURE_SAFE_BINDTOOBJECT\""Office Application.exe""","HKEY_LOCAL_MACHINE\SOFTWARE\Microsoft\Internet Explorer\Main\FeatureControl\FEATURE_SAFE_BINDTOOBJECT\""Office Application.exe""",,,,,1,=,Medium
1.1.4.1.3,Office 2016 / Office 365,(L1) Ensure 'Consistent Mime Handling' is set to 'Enabled' (Automated),Registry,,"HKLM:\SOFTWARE\Microsoft\Internet Explorer\Main\FeatureControl\FEATURE_MIME_HANDLING\""Office Application.exe""","HKEY_LOCAL_MACHINE\SOFTWARE\Microsoft\Internet Explorer\Main\FeatureControl\FEATURE_MIME_HANDLING\""Office Application.exe""",,,,,1,=,Medium
1.1.4.1.4,Office 2016 / Office 365,(L1) Ensure 'Disable user name and password' is set to 'Enabled' (Automated),Registry,,"HKLM:\SOFTWARE\Microsoft\Internet Explorer\Main\FeatureControl\FEATURE_HTTP_USERNAME_PASSWORD_DISABLE\""Office Application.exe""","HKEY_LOCAL_MACHINE\SOFTWARE\Microsoft\Internet Explorer\Main\FeatureControl\FEATURE_HTTP_USERNAME_PASSWORD_DISABLE\""Office Application.exe""",,,,,1,=,Medium
1.1.4.1.5,Office 2016 / Office 365,(L1) Ensure 'Information Bar' is set to 'Enabled' (Automated),Registry,,"HKLM:\SOFTWARE\Microsoft\Internet Explorer\Main\FeatureControl\FEATURE_SECURITYBAND\""Office Application.exe""","HKEY_LOCAL_MACHINE\SOFTWARE\Microsoft\Internet Explorer\Main\FeatureControl\FEATURE_SECURITYBAND\""Office Application.exe""",,,,,1,=,Medium
1.1.4.1.6,Office 2016 / Office 365,(L1) Ensure 'Local Machine Zone Lockdown Security' is set to 'Enabled' (Automated),Registry,,"HKLM:\SOFTWARE\Microsoft\Internet Explorer\Main\FeatureControl\FEATURE_LOCALMACHINE_LOCKDOWN\""Office Application.exe""","HKEY_LOCAL_MACHINE\SOFTWARE\Microsoft\Internet Explorer\Main\FeatureControl\FEATURE_LOCALMACHINE_LOCKDOWN\""Office Application.exe""",,,,,1,=,Medium
1.1.4.1.7,Office 2016 / Office 365,(L1) Ensure 'Mime Sniffing Safety Feature' is set to 'Enabled' (Automated),Registry,,"HKLM:\SOFTWARE\Microsoft\Internet Explorer\Main\FeatureControl\FEATURE_MIME_SNIFFING\""Office Application.exe""","HKEY_LOCAL_MACHINE\SOFTWARE\Microsoft\Internet Explorer\Main\FeatureControl\FEATURE_MIME_SNIFFING\""Office Application.exe""",,,,,1,=,Medium
1.1.4.1.8,Office 2016 / Office 365,(L1) Ensure 'Navigate URL' is set to 'Enabled' (Automated),Registry,,"HKLM:\SOFTWARE\Microsoft\Internet Explorer\Main\FeatureControl\FEATURE_VALIDATE_NAVIGATE_URL\""Office Application.exe""","HKEY_LOCAL_MACHINE\SOFTWARE\Microsoft\Internet Explorer\Main\FeatureControl\FEATURE_VALIDATE_NAVIGATE_URL\""Office Application.exe""",,,,,1,=,Medium
1.1.4.1.9,Office 2016 / Office 365,(L1) Ensure 'Object Caching Protection' is set to 'Enabled' (Automated),Registry,,HKLM:\SOFTWARE\Microsoft\Internet Explorer\Main\FeatureControl\FEATURE_OBJECT_CACHING,"""Office Application.exe""",,,,,1,=,Medium
1.1.4.1.10,Office 2016 / Office 365,(L1) Ensure 'Protection From Zone Elevation' is set to 'Enabled' (Automated),Registry,,HKLM:\SOFTWARE\Microsoft\Internet Explorer\Main\FeatureControl\FEATURE_ZONE_ELEVATION,"""Office Application.exe""",,,,,1,=,Medium
1.1.4.1.11,Office 2016 / Office 365,(L1) Ensure 'Restrict ActiveX Install' is set to 'Enabled' (Automated),Registry,,HKLM:\SOFTWARE\Microsoft\Internet Explorer\Main\FeatureControl\FEATURE_RESTRICT_ACTIVEXINSTALL,"""Office Application.exe""",,,,,1,=,Medium
1.1.4.1.12,Office 2016 / Office 365,(L1) Ensure 'Restrict File Download' is set to 'Enabled' (Automated),Registry,,HKLM:\SOFTWARE\Microsoft\Internet Explorer\Main\FeatureControl\FEATURE_RESTRICT_FILEDOWNLOAD,"""Office Application.exe""",,,,,1,=,Medium
1.1.4.1.13,Office 2016 / Office 365,(L1) Ensure 'Saved from URL' is set to 'Enabled' (Automated),Registry,,HKLM:\SOFTWARE\Microsoft\Internet Explorer\Main\FeatureControl\FEATURE_UNC_SAVEDFILECHECK,"""Office Application.exe""",,,,,1,=,Medium
1.1.4.1.14,Office 2016 / Office 365,(L1) Ensure 'Scripted Window Security Restrictions' is set to 'Enabled' (Automated),Registry,,HKLM:\SOFTWARE\Microsoft\Internet Explorer\Main\FeatureControl\FEATURE_UNC_SAVEDFILECHECK,"""Office Application.exe""",,,,,1,=,Medium
1.1.5.1,Office 2016 / Office 365,(L1) Ensure 'Enable Automatic Updates' is set to 'Enabled' (Automated),Registry,,HKLM:\SOFTWARE\Policies\Microsoft\office\16.0\common\officeupdate,enableautomaticupdates,,,,,1,=,Medium
1.1.5.2,Office 2016 / Office 365,(L1) Ensure 'Hide option to enable or disable updates' is set to 'Enabled' (Automated),Registry,,HKLM:\SOFTWARE\Policies\Microsoft\office\16.0\common\officeupdate,hideenabledisableupdates,,,,,1,=,Medium
1.3.1,Office 2016 / Office 365,(L1) Ensure 'Block Flash activation in Office documents' is set to 'Enabled: Block all activation' (Automated),Registry,,HKLM:\SOFTWARE\Policies\Microsoft\office\Common\COM Compatibility\Comment,HKEY_LOCAL_MACHINE\SOFTWARE\Policies\Microsoft\office\Common\COM Compatibility\Comment,,,,,Block all Flash activation,=,Medium
1.3.2,Office 2016 / Office 365,(L1) Ensure 'Restrict legacy JScript execution for Office' is set to 'Enabled' (Automated),Registry,,HKLM:\SOFTWARE\Policies\Microsoft\internet explorer\main\featurecontrol\FEATURE_RESTRICT_LEGACY_JSCRIPT_PER_SECURITY_ZONE,excel.exemsaccess.exemspub.exeonenote.exeoutlook.exepowerpnt.exevisio.exewinproj.exewinword.exe,,,,,69632,=,Medium
2.1.1.3.2.1.1,Office 2016 / Office 365: Access,(L1) Ensure 'Allow Trusted Locations on the network' is set to 'Disabled' (Automated),Registry,,HKCU:\SOFTWARE\Policies\Microsoft\office\16.0\access\security\trusted locations,allownetworklocations,,,,,0,=,Medium
2.1.1.3.2.1.2,Office 2016 / Office 365: Access,(L2) Ensure 'Disable all trusted locations' is set to 'Enabled' (Automated),Registry,,HKCU:\SOFTWARE\Policies\Microsoft\office\16.0\access\security\trusted locations,alllocationsdisabled,,,,,1,=,Medium
2.1.1.3.2.2,Office 2016 / Office 365: Access,(L1) Ensure 'Block macros from running in Office files from the internet' is set to 'Enabled' (Automated),Registry,,HKCU:\SOFTWARE\Policies\Microsoft\office\16.0\access\security,blockcontentexecutionfrominternet,,,,,1,=,Medium
2.1.1.3.2.3,Office 2016 / Office 365: Access,(L1) Ensure 'Disable Trust Bar Notification for unsigned application add -ins and block them' is set to 'Enabled' (Automated),Registry,,HKCU:\SOFTWARE\Policies\Microsoft\office\16.0\access\security,notbpromptunsignedaddin,,,,,1,=,Medium
2.1.1.3.2.4,Office 2016 / Office 365: Access,(L1) Ensure 'Require that application add -ins are signed by Trusted Publisher' is set to 'Enabled' (Automated),Registry,,HKCU:\SOFTWARE\Policies\Microsoft\office\16.0\access\security,requireaddinsig,,,,,1,=,Medium
2.1.1.4.1.1,Office 2016 / Office 365: Access,(L1) Ensure 'Underline hyperlinks' is set to 'Enabled' (Automated),Registry,,HKCU:\SOFTWARE\Policies\Microsoft\office\16.0\access\internet,donotunderlinehyperlinks,,,,,0,=,Medium
2.1.4.1,Office 2016 / Office 365: Access,(L1) Ensure 'Default file format' is set to 'Enabled: Access 2007' (Automated),Registry,,HKCU:\SOFTWARE\Policies\Microsoft\office\16.0\access\settings,default file format,,,,,12,=,Medium
2.1.4.2,Office 2016 / Office 365: Access,(L1) Ensure 'Do not prompt to convert older databases' is set to 'Disabled' (Automated),Registry,,HKCU:\SOFTWARE\Policies\Microsoft\office\16.0\access\settings,noconvertdialog,,,,,0,=,Medium
2.1.5.1,Office 2016 / Office 365: Access,(L1) Ensure 'Modal Trust Decision Only' is set to 'Disabled' (Automated),Registry,,HKCU:\SOFTWARE\Policies\Microsoft\office\16.0\access\security,modaltrustdecisiononly,,,,,0,=,Medium
2.2.2.1,Office 2016 / Office 365: Excel,(L1) Ensure 'Do not show data extraction options when opening corrupt workbooks' is set to 'Enabled' (Automated),Registry,,HKCU:\SOFTWARE\Policies\Microsoft\office\16.0\excel\options,extractdatadisableui,,,,,1,=,Medium
2.2.4.1.1.1.1,Office 2016 / Office 365: Excel,(L1) Ensure 'Load Pictures from Web pages not created in Excel' is set to 'Disabled' (Automated),Registry,,HKCU:\SOFTWARE\Policies\Microsoft\office\16.0\excel\internet,donotloadpictures,,,,,1,=,Medium
2.2.4.1.2,Office 2016 / Office 365: Excel,(L1) Ensure 'Ask to update automatic links' is set to 'Enabled' (Automated),Registry,,HKCU:\SOFTWARE\Policies\Microsoft\office\16.0\excel\options\binaryoptions,fupdateext_78_1,,,,,0,=,Medium
2.2.4.5.1.1,Office 2016 / Office 365: Excel,(L1) Ensure 'Internet and network paths as hyperlinks' is set to 'Disabled' (Automated),Registry,,HKCU:\SOFTWARE\Policies\Microsoft\office\16.0\excel\options,autohyperlink,,,,,0,=,Medium
2.2.4.6.1,Office 2016 / Office 365: Excel,(L1) Ensure 'Default file format' is set to 'Enabled: Excel Workbook (*.xlsx)' (Automated),Registry,,HKCU:\SOFTWARE\Policies\Microsoft\office\16.0\excel\options,defaultformat,,,,,51,=,Medium
2.2.4.6.2,Office 2016 / Office 365: Excel,(L1) Ensure 'Disable AutoRepublish' is set to 'Enabled' (Automated),Registry,,HKCU:\SOFTWARE\Policies\Microsoft\office\16.0\excel\options,disableautorepublish,,,,,1,=,Medium
2.2.4.6.3,Office 2016 / Office 365: Excel,(L1) Ensure 'Do not show AutoRepublish warning alert' is set to 'Disabled' (Automated),Registry,,HKCU:\SOFTWARE\Policies\Microsoft\office\16.0\excel\options,disableautorepublishwarning,,,,,0,=,Medium
2.2.4.7.2.1.1,Office 2016 / Office 365: Excel,(L1) Ensure 'Always prevent untrusted Microsoft Query files from opening' is set to 'Enabled' (Automated),Registry,,HKCU:\SOFTWARE\Policies\Microsoft\office\16.0\excel\security\external content,enableblockunsecurequeryfiles,,,,,1,=,Medium
2.2.4.7.2.1.2,Office 2016 / Office 365: Excel,(L1) Ensure 'Don’t allow Dynamic Data Exchange (DDE) server launch in Excel' is set to 'Enabled' (Automated),Registry,,HKCU:\SOFTWARE\Policies\Microsoft\office\16.0\excel\security\external content,disableddeserverlaunch,,,,,1,=,Medium
2.2.4.7.2.1.3,Office 2016 / Office 365: Excel,(L1) Ensure 'Don’t allow Dynamic Data Exchange (DDE) server lookup in Excel' is set to 'Enabled' (Automated),Registry,,HKCU:\SOFTWARE\Policies\Microsoft\office\16.0\excel\security\external content,disableddeserverlookup,,,,,1,=,Medium
2.2.4.7.2.2.1,Office 2016 / Office 365: Excel,"(L1) Ensure 'dBase III /IV files' is set to 'Enable: Open/Save blocked, use open policy' (Automated)",Registry,,HKCU:\SOFTWARE\Policies\Microsoft\office\16.0\excel\security\fileblock,dbasefiles,,,,,2,=,Medium
2.2.4.7.2.2.2,Office 2016 / Office 365: Excel,"(L1) Ensure 'Dif and Sylk files' is set to 'Enabled: Open/Save blocked, use open policy' (Automated)",Registry,,HKCU:\SOFTWARE\Policies\Microsoft\office\16.0\excel\security\fileblock,difandsylkfiles,,,,,2,=,Medium
2.2.4.7.2.2.3,Office 2016 / Office 365: Excel,"(L1) Ensure 'Excel 2 macrosheets and add -in files' is set to 'Enabled: Open/Save blocked, use open policy' (Automated)",Registry,,HKCU:\SOFTWARE\Policies\Microsoft\office\16.0\excel\security\fileblock,xl2macros,,,,,2,=,Medium
2.2.4.7.2.2.4,Office 2016 / Office 365: Excel,"(L1) Ensure 'Excel 2 worksheets' is set to 'Enabled: Open/Save blocked, use open policy' (Automated)",Registry,,HKCU:\SOFTWARE\Policies\Microsoft\office\16.0\excel\security\fileblock,xl2worksheets,,,,,2,=,Medium
2.2.4.7.2.2.5,Office 2016 / Office 365: Excel,"(L1) Ensure 'Excel 3 macrosheets and add -in files' is set to 'Enabled: Open/Save blocked, use open policy' (Automated)",Registry,,HKCU:\SOFTWARE\Policies\Microsoft\office\16.0\excel\security\fileblock,xl3macros,,,,,2,=,Medium
2.2.4.7.2.2.6,Office 2016 / Office 365: Excel,"(L1) Ensure 'Excel 3 worksheets' is set to 'Enabled: Open/Save blocked, use open policy' (Automated)",Registry,,HKCU:\SOFTWARE\Policies\Microsoft\office\16.0\excel\security\fileblock,xl3worksheets,,,,,2,=,Medium
2.2.4.7.2.2.7,Office 2016 / Office 365: Excel,"(L1) Ensure 'Excel 4 macrosheets and add -in files' is set to 'Enabled: Open/Save blocked, use open policy' (Automated)",Registry,,HKCU:\SOFTWARE\Policies\Microsoft\office\16.0\excel\security\fileblock,xl4macros,,,,,2,=,Medium
2.2.4.7.2.2.8,Office 2016 / Office 365: Excel,"(L1) Ensure 'Excel 4 workbooks' is set to 'Enabled: Open/Save blocked, use open policy' (Automated)",Registry,,HKCU:\SOFTWARE\Policies\Microsoft\office\16.0\excel\security\fileblock,xl4workbooks,,,,,2,=,Medium
2.2.4.7.2.2.9,Office 2016 / Office 365: Excel,"(L1) Ensure 'Excel 4 worksheets' is set to 'Enabled: Open/Save blocked, use open policy' (Automated)",Registry,,HKCU:\SOFTWARE\Policies\Microsoft\office\16.0\excel\security\fileblock,xl4worksheets,,,,,2,=,Medium
2.2.4.7.2.2.10,Office 2016 / Office 365: Excel,"(L1) Ensure 'Excel 95 workbooks' is set to 'Enabled: Open/Save Blocked, Use Open Policy' (Automated)",Registry,,HKCU:\SOFTWARE\Policies\Microsoft\office\16.0\excel\security\fileblock,xl95workbooks,,,,,2,=,Medium
2.2.4.7.2.2.11,Office 2016 / Office 365: Excel,"(L1) Ensure 'Excel 95 -97 workbooks and templates' is set to 'Enabled: Open/Save Blocked, Use Open Policy' (Automated)",Registry,,HKCU:\SOFTWARE\Policies\Microsoft\office\16.0\excel\security\fileblock,xl9597workbooksandtemplates,,,,,2,=,Medium
2.2.4.7.2.2.12,Office 2016 / Office 365: Excel,"(L1) Ensure 'Excel 97 -2003 workbooks and templates' is set to 'Enabled: Open/Save Blocked, Use Open Policy' (Automated)",Registry,,HKCU:\SOFTWARE\Policies\Microsoft\office\16.0\excel\security\fileblock,xl97workbooksandtemplates,,,,,2,=,Medium
2.2.4.7.2.2.13,Office 2016 / Office 365: Excel,(L1) Ensure 'Set default file block behavior' is set to 'Enabled: Blocked files are not opened' (Automated),Registry,,HKCU:\SOFTWARE\Policies\Microsoft\office\16.0\excel\security\fileblock,openinprotectedview,,,,,0,=,Medium
2.2.4.7.2.2.14,Office 2016 / Office 365: Excel,"(L1) Ensure 'Web pages and Excel 2003 XML spreadsheets' is set to 'Enabled: Open/Save blocked, use open policy' (Automated)",Registry,,HKCU:\SOFTWARE\Policies\Microsoft\office\16.0\excel\security\fileblock,htmlandxmlssfiles,,,,,2,=,Medium
2.2.4.7.2.3.1,Office 2016 / Office 365: Excel,(L1) Ensure 'Always open untrusted database files in Protected View' is set to 'Enabled' (Automated),Registry,,HKCU:\SOFTWARE\Policies\Microsoft\office\16.0\excel\security\protectedview,enabledatabasefileprotectedview,,,,,1,=,Medium
2.2.4.7.2.3.2,Office 2016 / Office 365: Excel,(L1) Ensure 'Do not open files from the internet zone in Protected View' is set to 'Disabled' (Automated),Registry,,HKCU:\SOFTWARE\Policies\Microsoft\office\16.0\excel\security\protectedview,disableinternetfilesinpv,,,,,0,=,Medium
2.2.4.7.2.3.3,Office 2016 / Office 365: Excel,(L1) Ensure 'Do not open files in unsafe locations in Protected View' is set to 'Disabled' (Automated),Registry,,HKCU:\SOFTWARE\Policies\Microsoft\office\16.0\excel\security\protectedview,disableunsafelocationsinpv,,,,,0,=,Medium
2.2.4.7.2.3.4,Office 2016 / Office 365: Word,(L1) Ensure 'Set document behavior if file validation fails' is set to 'Enabled: Open in Protected View' (Automated),Registry,,HKCU:\SOFTWARE\Policies\Microsoft\office\16.0\word\security\filevalidation,openinprotectedview,,,,,1,=,Medium
2.2.4.7.2.3.5,Office 2016 / Office 365: Word,(L1) Ensure 'Set document behavior if file validation fails' is set to 'Unchecked: Do not allow edit' (Automated),Registry,,HKCU:\SOFTWARE\Policies\Microsoft\office\16.0\word\security\filevalidation,disableeditfrompv,,,,,1,=,Medium
2.2.4.7.2.3.6,Office 2016 / Office 365: Excel,(L1) Ensure 'Turn off Protected View for attachments opened from Outlook' is set to 'Disabled' (Automated),Registry,,HKCU:\SOFTWARE\Policies\Microsoft\office\16.0\excel\security\protectedview,disableattachmentsinpv,,,,,0,=,Medium
2.2.4.7.2.4.1,Office 2016 / Office 365: Excel,(L1) Ensure 'Allow Trusted Locations on the network' is set to 'Disabled' (Automated),Registry,,HKCU:\SOFTWARE\Policies\Microsoft\office\16.0\excel\security\trusted locations,allownetworklocations,,,,,0,=,Medium
2.2.4.7.2.4.2,Office 2016 / Office 365: Excel,(L2) Ensure 'Disable all trusted locations' is set to 'Enabled' (Automated),Registry,,HKCU:\SOFTWARE\Policies\Microsoft\office\16.0\excel\security\trusted locations,alllocationsdisabled,,,,,1,=,Medium
2.2.4.7.2.5,Office 2016 / Office 365: Excel,(L1) Ensure 'Block Excel XLL Add -ins that come from an untrusted source' is set to 'Enabled: Blocked' (Automated),Registry,,HKCU:\SOFTWARE\Policies\Microsoft\office\16.0\excel\security,blockxllfrominternet,,,,,1,=,Medium
2.2.4.7.2.6,Office 2016 / Office 365: Excel,(L1) Ensure 'Block macros from running in Office files from the internet' is set to 'Enabled' (Automated),Registry,,HKCU:\SOFTWARE\Policies\Microsoft\office\16.0\excel\security,blockcontentexecutionfrominternet,,,,,1,=,Medium
2.2.4.7.2.7,Office 2016 / Office 365: Excel,(L1) Ensure 'Disable Trust Bar Notification for unsigned application add -ins and block them' is set to 'Enabled' (Automated),Registry,,HKCU:\SOFTWARE\Policies\Microsoft\office\16.0\excel\security,notbpromptunsignedaddin,,,,,1,=,Medium
2.2.4.7.2.8,Office 2016 / Office 365: Excel,(L1) Ensure 'Macro Notification Settings' is set to 'Enabled: Disable VBA macros except digitally signed macros' (Automated),Registry,,HKCU:\SOFTWARE\Policies\Microsoft\office\16.0\excel\security,vbawarnings,,,,,3,=,Medium
2.2.4.7.2.9,Office 2016 / Office 365: Excel,(L1) Ensure 'Macro Notification Settings' is set to 'Require macros to be signed by a trusted publisher' (Automated),Registry,,HKCU:\SOFTWARE\Policies\Microsoft\office\16.0\excel\security,vbadigsigtrustedpublishers,,,,,1,=,Medium
2.2.4.7.2.10,Office 2016 / Office 365: Excel,(L1) Ensure 'Prevent Excel from running XLM macros' is set to 'Enabled' (Automated),Registry,,HKCU:\SOFTWARE\Policies\Microsoft\office\16.0\excel\security,xl4macrooff,,,,,1,=,Medium
2.2.4.7.2.11,Office 2016 / Office 365: Excel,(L1) Ensure 'Require that application add -ins are signed by Trusted Publisher' is set to 'Enabled' (Automated),Registry,,HKCU:\SOFTWARE\Policies\Microsoft\office\16.0\excel\security,requireaddinsig,,,,,1,=,Medium
2.2.4.7.2.12,Office 2016 / Office 365: Excel,(L1) Ensure 'Store macro in Personal Macro Workbook by default' is set to 'Enabled' (Automated),Registry,,HKCU:\SOFTWARE\Policies\Microsoft\office\16.0\excel\options\binaryoptions,fglobalsheet_37_1,,,,,1,=,Medium
2.2.4.7.2.13,Office 2016 / Office 365: Excel,(L1) Ensure 'Trust access to Visual Basic Project' is set to 'Disabled' (Automated),Registry,,HKCU:\SOFTWARE\Policies\Microsoft\office\16.0\excel\security,accessvbom,,,,,0,=,Medium
2.2.4.7.3,Office 2016 / Office 365: Excel,(L1) Ensure 'Force file extension to match file type' is set to 'Enabled: Always match file type' (Automated),Registry,,HKCU:\SOFTWARE\Policies\Microsoft\office\16.0\excel\security,extensionhardening,,,,,2,=,Medium
2.2.4.7.4,Office 2016 / Office 365: Excel,(L1) Ensure 'Scan encrypted macros in Excel Open XML workbooks' is set to 'Enabled: Scan encrypted macros (default)' (Automated),Registry,,HKCU:\SOFTWARE\Policies\Microsoft\office\16.0\excel\security,excelbypassencryptedmacroscan,,,,,0,=,Medium
2.2.4.7.5,Office 2016 / Office 365: Excel,(L1) Ensure 'Turn off file validation' is set to 'Disabled' (Automated),Registry,,HKCU:\SOFTWARE\Policies\Microsoft\office\16.0\excel\security\filevalidation,enableonload,,,,,1,=,Medium
2.2.4.7.6,Office 2016 / Office 365: Excel,(L1) Ensure 'WEBSERVICE Function Notification Settings' is set to 'Enabled: Disable all without notification' or 'Enabled: Disable all with notification' (Automated),Registry,,HKCU:\SOFTWARE\Policies\Microsoft\office\16.0\excel\security,webservicefunctionwarnings,,,,,1 or 2,=,Medium
2.3.8.1,Office 2016 / Office 365,(L1) Ensure 'Document Information Panel Beaconing UI' is set to 'Enabled: Always show UI' (Automated),Registry,,HKCU:\SOFTWARE\Policies\Microsoft\office\16.0\common\documentinformationpanel,msoridcuxdocspropertypanelbeaconing,,,,,1,=,Medium
2.3.12.1.2,Office 2016 / Office 365,(L1) Ensure 'Disable UI extending from documents and templates' is set to 'Enabled' (Automated),Registry,,HKCU:\SOFTWARE\Policies\Microsoft\office\16.0\common\toolbars\[Office Application Name],noextensibilitycustomizationfromdocument,,,,,1,=,Medium
2.3.18.1,Office 2016 / Office 365,(L1) Ensure 'Allow users with earlier versions of Office to read with browsers...' is set to 'Disabled' (Automated),Registry,,HKCU:\SOFTWARE\Policies\Microsoft\office\16.0\common\drm,includehtml,,,,,0,=,Medium
2.3.18.2,Office 2016 / Office 365,(L1) Ensure 'Always expand groups in Office when restricting permission for documents' is set to 'Enabled' (Automated),Registry,,HKCU:\SOFTWARE\Policies\Microsoft\office\16.0\common\drm\autoexpanddls,autoexpanddlsenable,,,,,1,=,Medium
2.3.18.3,Office 2016 / Office 365,(L1) Ensure 'Always require users to connect to verify permission' is set to 'Enabled' (Automated),Registry,,HKCU:\SOFTWARE\Policies\Microsoft\office\16.0\common\drm,requireconnection,,,,,1,=,Medium
2.3.18.4,Office 2016 / Office 365,(L1) Ensure 'Never allow users to specify groups when restricting permission for documents' is set to 'Enabled' (Automated),Registry,,HKCU:\SOFTWARE\Policies\Microsoft\office\16.0\common\drm,neverallowdls,,,,,1,=,Medium
2.3.18.5,Office 2016 / Office 365,(L1) Ensure 'Prevent users from changing permissions on rights managed content' is set to 'Disabled' (Automated),Registry,,HKCU:\SOFTWARE\Policies\Microsoft\office\16.0\common\drm,disablecreation,,,,,0,=,Medium
2.3.22.2,Office 2016 / Office 365,(L1) Ensure 'Block signing into Office' is set to 'Enabled: Org ID only' (Automated),Registry,,HKCU:\SOFTWARE\Policies\Microsoft\office\16.0\common\signin,signinoptions,,,,,2,=,Medium
2.3.22.3,Office 2016 / Office 365,(L1) Ensure 'Control Blogging' is set to 'Enabled: All Blogging Disabled' (Automated),Registry,,HKCU:\SOFTWARE\Policies\Microsoft\office\common\blog,disableblog,,,,,2,=,Medium
2.3.23.1,Office 2016 / Office 365: Excel,(L1) Ensure 'Block opening of pre -release versions of file formats new to Excel 2016 through the Compatibility Pack for Office 2016 and Excel 2016 Converter' is set to 'Enabled' (Automated),Registry,,HKCU:\SOFTWARE\Policies\Microsoft\office\16.0\excel\security\fileblock,excel12betafilesfromconverters,,,,,1,=,Medium
2.3.23.2,Office 2016 / Office 365: PowerPoint,(L1) Ensure 'Block opening of pre -release versions of file formats new to PowerPoint 2016 through the Compatibility Pack for Office 2016 and PowerPoint 2016 Converter' is set to 'Enabled' (Automated),Registry,,HKCU:\SOFTWARE\Policies\Microsoft\office\16.0\powerpoint\security\fileblock,powerpoint12betafilesfromconverters,,,,,1,=,Medium
2.3.24.2,Office 2016 / Office 365,(L2) Ensure 'Remove Office Presentation Service from the list of online presentation services in PowerPoint and Word' is set to 'Enabled' (Automated),Registry,,HKEY_USERS[USER SID]\SOFTWARE\Policies\Microsoft\office\16.0\common\broadcast:disabledefaultservice,disabledefaultservice,,,,,1,=,Medium
2.3.25.1.1,Office 2016 / Office 365,(L1) Ensure 'Allow users to submit feedback to Microsoft' is set to 'Disabled' (Automated),Registry,,HKCU:\SOFTWARE\Policies\Microsoft\office\16.0\common\feedback,enabled,,,,,0,=,Medium
2.3.25.1.2,Office 2016 / Office 365,(L1) Ensure 'Automatically receive small updates to improve reliability' is set to 'Disabled' (Automated),Registry,,HKCU:\SOFTWARE\Policies\Microsoft\office\16.0\common,updatereliabilitydata,,,,,0,=,Medium
2.3.25.1.3,Office 2016 / Office 365,(L1) Ensure 'Disable Opt -in Wizard on first run' is set to 'Enabled' (Automated),Registry,,HKCU:\SOFTWARE\Policies\Microsoft\office\16.0\common\general,shownfirstrunoptin,,,,,1,=,Medium
2.3.25.1.4,Office 2016 / Office 365,(L1) Ensure 'Enable Customer Experience Improvement Program' is set to 'Disabled' (Automated),Registry,,HKCU:\SOFTWARE\Policies\Microsoft\office\16.0\common,qmenable,,,,,0,=,Medium
2.3.25.1.5,Office 2016 / Office 365,(L1) Ensure 'Send personal information' is set to 'Disabled' (Automated),Registry,,HKCU:\SOFTWARE\Policies\Microsoft\office\16.0\common,sendcustomerdata,,,,,0,=,Medium
2.3.27.3.4,Office 2016 / Office 365,(L1) Ensure 'Allow mix of policy and user locations' is set to 'Disabled' (Automated),Registry,,HKCU:\SOFTWARE\Policies\Microsoft\office\16.0\common\security\trusted locations,allow user locations,,,,,0,=,Medium
2.3.27.4,Office 2016 / Office 365,(L1) Ensure 'ActiveX Control Initialization' is set to 'Enabled: 6' (Automated),Registry,,HKCU:\SOFTWARE\Policies\Microsoft\office\common\security,uficontrols,,,,,6,=,Medium
2.3.27.5,Office 2016 / Office 365,(L1) Ensure 'Allow Basic Authentication prompts from network proxies' is set to 'Disabled' (Automated),Registry,,HKCU:\SOFTWARE\Policies\Microsoft\office\16.0\common\identity,basicauthproxybehavior,,,,,0,=,Medium
2.3.27.6,Office 2016 / Office 365,(L1) Ensure 'Allow VBA to load typelib references by path from untrusted intranet locations' is set to 'Disabled' (Automated),Registry,,HKCU:\SOFTWARE\Policies\Microsoft\vba\security,allowvbaintranetreferences,,,,,0,=,Medium
2.3.27.7,Office 2016 / Office 365,(L1) Ensure 'Automation Security' is set to 'Enabled: Disable Macros by default' (Automated),Registry,,HKCU:\SOFTWARE\Policies\Microsoft\office\common\security,automationsecurity,,,,,3,=,Medium
2.3.27.8,Office 2016 / Office 365,(L1) Ensure 'Control how Office handles form -based sign-in prompts' is set to 'Enabled: Block all prompts' (Automated),Registry,,HKCU:\SOFTWARE\Policies\Microsoft\office\16.0\common,fbabehavior,,,,,1,=,Medium
2.3.27.9,Office 2016 / Office 365,(L1) Ensure 'Disable additional security checks on VBA library references that may refer to unsafe locations on the local machine' is set to 'Disabled' (Automated),Registry,,HKCU:\SOFTWARE\Policies\Microsoft\vba\security,disablestrictvbarefssecurity,,,,,0,=,Medium
2.3.27.10,Office 2016 / Office 365,(L1) Ensure 'Disable all Trust Bar notifications for security issues' is set to 'Disabled' (Automated),Registry,,HKCU:\SOFTWARE\Policies\Microsoft\office\16.0\common\trustcenter,trustbar,,,,,0,=,Medium
2.3.27.11,Office 2016 / Office 365,(L1) Ensure 'Disable password to open UI' is set to 'Disabled' (Automated),Registry,,HKCU:\SOFTWARE\Policies\Microsoft\office\16.0\common\security,disablepasswordui,,,,,0,=,Medium
2.3.27.12,Office 2016 / Office 365,(L1) Ensure 'Encryption mode for Information Rights Management (IRM)' is set to 'Enabled: Cipher Block Chaining (CBC)' (Automated),Registry,,HKCU:\SOFTWARE\Policies\Microsoft\office\16.0\common\drm,compatibleencryption,,,,,1,=,Medium
2.3.27.13,Office 2016 / Office 365,(L1) Ensure 'Encryption type for password protected Office 97 -2003 files' is set to 'Enabled' (Automated),Registry,,HKCU:\SOFTWARE\Policies\Microsoft\office\16.0\common\security,defaultencryption12,,,,,"Microsoft Enhanced RSA and AES Cryptographic Provider,AES 256,256",=,Medium
2.3.27.14,Office 2016 / Office 365,(L1) Ensure 'Encryption type for password protected Office Open XML files' is set to 'Enabled' (Automated),Registry,,HKCU:\SOFTWARE\Policies\Microsoft\office\16.0\common\security,openxmlencryption,,,,,"Microsoft Enhanced RSA and AES Cryptographic Provider,AES 256,256",=,Medium
2.3.27.15,Office 2016 / Office 365,(L1) Ensure 'Load Controls in Forms3' is set to 'Enabled: 4' (Automated),Registry,,HKCU:\SOFTWARE\Policies\Microsoft\vba\security,loadcontrolsinforms,,,,,,=,Medium
2.3.27.16,Office 2016 / Office 365,(L1) Ensure 'Macro Runtime Scan Scope' is set to 'Enabled: Enable for all documents' (Automated),Registry,,HKCU:\SOFTWARE\Policies\Microsoft\office\16.0\common\security,macroruntimescanscope,,,,,2,=,Medium
2.3.27.17,Office 2016 / Office 365,(L1) Ensure 'Protect document metadata for password protected files' is set to 'Enabled' (Automated),Registry,,HKCU:\SOFTWARE\Policies\Microsoft\office\16.0\common\security,openxmlencryptproperty,,,,,1,=,Medium
2.3.27.18,Office 2016 / Office 365,(L1) Ensure 'Protect document metadata for rights managed Office Open XML Files' is set to 'Enabled' (Automated),Registry,,HKCU:\SOFTWARE\Policies\Microsoft\office\16.0\common\security,drmencryptproperty,,,,,1,=,Medium
2.3.27.19,Office 2016 / Office 365,(L1) Ensure 'Suppress hyperlink warnings' is set to 'Disabled' (Automated),Registry,,HKCU:\SOFTWARE\Policies\Microsoft\office\16.0\common\security,disablehyperlinkwarning,,,,,0,=,Medium
2.3.28.2,Office 2016 / Office 365,(L1) Ensure 'Disable the Office client from polling the SharePoint Server for published links' is set to 'Enabled' (Automated),Registry,,HKCU:\SOFTWARE\Policies\Microsoft\office\16.0\common\portal,linkpublishingdisabled,,,,,1,=,Medium
2.3.29.1.1,Office 2016 / Office 365,(L1) Ensure 'Disable Internet Fax feature' is set to 'Enabled' (Automated),Registry,,HKCU:\SOFTWARE\Policies\Microsoft\office\16.0\common\services\fax,nofax,,,,,1,=,Medium
2.3.31.1,Office 2016 / Office 365,(L1) Ensure 'Legacy format signatures' is set to 'Disabled' (Automated),Registry,,HKCU:\SOFTWARE\Policies\Microsoft\office\16.0\common\signatures,enablecreationofweakxpsignatures,,,,,0,=,Medium
2.3.31.2,Office 2016 / Office 365,(L1) Ensure 'Suppress external signature services menu item' is set to 'Enabled' (Automated),Registry,,HKCU:\SOFTWARE\Policies\Microsoft\office\16.0\common\signatures,suppressextsigningsvcs,,,,,1,=,Medium
2.3.32.1,Office 2016 / Office 365,(L1) Ensure 'Disable Smart Document's use of manifests' is set to 'Enabled' (Automated),Registry,,HKCU:\SOFTWARE\Policies\Microsoft\office\common\smart tag,neverloadmanifests,,,,,1,=,Medium
2.3.36.1.1,Office 2016 / Office 365,(L2) Ensure 'Conversion Service Options' is set to 'Enabled: Do not allow to use Microsoft Conversion Service' (Automated),Registry,,HKCU:\SOFTWARE\Policies\Microsoft\office\16.0\common\internet,useconversionservices,,,,,0,=,Medium
2.3.36.2.1,Office 2016 / Office 365,(L2) Ensure 'Online Content Options' is set to 'Enabled: Do not allow Office to connect to the Internet' (Automated),Registry,,HKCU:\SOFTWARE\Policies\Microsoft\office\16.0\common\internet,useonlinecontent,,,,,0,=,Medium
2.3.37.3.1,Office 2016 / Office 365,(L1) Ensure 'Open Office documents as read/write while browsing' is set to 'Disabled' (Automated),Registry,,HKCU:\SOFTWARE\Policies\Microsoft\office\16.0\common\internet,opendocumentsreadwritewhilebrowsing,,,,,0,=,Medium
2.3.38.1.1,Office 2016 / Office 365,(L2) Ensure 'Improve Proofing Tools' is set to 'Disabled' (Automated),Registry,,HKCU:\SOFTWARE\Policies\Microsoft\office\16.0\common\ptwatson,ptwoptin,,,,,0,=,Medium
2.5.1.2.1,Office 2016 / Office 365: Outlook,(L1) Ensure 'Authentication with Exchange server' is set to 'Enabled: Kerberos Password Authentication' (Automated),Registry,,HKCU:\SOFTWARE\Policies\Microsoft\office\16.0\outlook\security,authenticationservice,,,,,16,=,Medium
2.5.1.2.2,Office 2016 / Office 365: Outlook,(L1) Ensure 'Do not allow users to change permissions on folders' is set to 'Enabled' (Automated),Registry,,HKCU:\SOFTWARE\Policies\Microsoft\office\16.0\outlook\options\folders,disableeditpermissions,,,,,1,=,Medium
2.5.1.2.3,Office 2016 / Office 365: Outlook,(L1) Ensure 'Enable RPC encryption' is set to 'Enabled' (Automated),Registry,,HKCU:\SOFTWARE\Policies\Microsoft\office\16.0\outlook\rpc,enablerpcencryption,,,,,1,=,Medium
2.5.1.5.1,Office 2016 / Office 365: Outlook,(L1) Ensure 'Automatically download attachments' is set to 'Disabled' (Automated),Registry,,HKCU:\SOFTWARE\Policies\Microsoft\office\16.0\outlook\options\webcal,enableattachments,,,,,0,=,Medium
2.5.1.5.2,Office 2016 / Office 365: Outlook,(L1) Ensure 'Do not include Internet Calendar integration in Outlook' is set to 'Enabled' (Automated),Registry,,HKCU:\SOFTWARE\Policies\Microsoft\office\16.0\outlook\options\webcal,disable,,,,,1,=,Medium
2.5.1.6.1,Office 2016 / Office 365: Outlook,(L1) Ensure 'Download full text of articles as HTML attachments' is set to 'Disabled' (Automated),Registry,,HKCU:\SOFTWARE\Policies\Microsoft\office\16.0\outlook\options\rss,enablefulltexthtml,,,,,0,=,Medium
2.5.1.6.2,Office 2016 / Office 365: Outlook,(L1) Ensure 'Synchronize Outlook RSS Feeds with Common Feed List' is set to 'Disabled' (Automated),Registry,,HKCU:\SOFTWARE\Policies\Microsoft\office\16.0\outlook\options\rss,synctosyscfl,,,,,0,=,Medium
2.5.1.6.3,Office 2016 / Office 365,(L1) Ensure 'Turn off RSS feature' is set to 'Enabled' (Automated),Registry,,HKCU:\SOFTWARE\Policies\Microsoft\Office\16.0\Outlook\options\rss,disable,,,,,1,=,Medium
2.5.4.1,Office 2016 / Office 365: Outlook,(L1) Ensure 'Do not allow Home Page URL to be set in folder Properties' is set to 'Enabled' (Automated),Registry,,HKCU:\SOFTWARE\Policies\Microsoft\office\16.0\outlook\webview,disable,,,,,1,=,Medium
2.5.7.1,Office 2016 / Office 365,"(L1) Ensure 'Disable user entries to server list' is set to 'Enabled: Publish default, disallow others' (Automated)",Registry,,HKCU:\SOFTWARE\Policies\Microsoft\office\16.0\meetings\profile,serverui,,,,,2,=,Medium
2.5.9.2.1,Office 2016 / Office 365,(L1) Ensure 'PST Null Data on Delete' is set to 'Enabled' (Automated),Registry,,HKCU:\SOFTWARE\Policies\Microsoft\Office\16.0\Outlook\PST,pstnullfreeondelete,,,,,1,=,Medium
2.5.10.4.2.2,Office 2016 / Office 365,(L1) Ensure 'Plain Text Options' is set to 'Disabled' (Automated),Registry,,HKCU:\SOFTWARE\Policies\Microsoft\Office\16.0\Outlook\options\mail,message plain format mime,,,,,1,=,Medium
2.5.10.6.1.2,Office 2016 / Office 365: Outlook,(L1) Ensure 'Do not allow folders in non -default stores to be set as folder home pages' is set to 'Enabled' (Automated),Registry,,HKCU:\SOFTWARE\Policies\Microsoft\office\16.0\outlook\security,nondefaultstorescript,,,,,0,=,Medium
2.5.10.6.1.3,Office 2016 / Office 365: Outlook,(L1) Ensure 'Do not allow Outlook object model scripts to run for public folders' is set to 'Enabled' (Automated),Registry,,HKCU:\SOFTWARE\Policies\Microsoft\office\16.0\outlook\security,publicfolderscript,,,,,0,=,Medium
2.5.10.6.1.4,Office 2016 / Office 365: Outlook,(L1) Ensure 'Do not allow Outlook object model scripts to run for shared folders' is set to 'Enabled' (Automated),Registry,,HKCU:\SOFTWARE\Policies\Microsoft\office\16.0\outlook\security,sharedfolderscript,,,,,,=,Medium
2.5.10.6.1.5,Office 2016 / Office 365: Outlook,(L1) Ensure 'Use Unicode format when dragging e -mail message to file system' is set to 'Disabled' (Automated),Registry,,HKCU:\SOFTWARE\Policies\Microsoft\office\16.0\outlook\options\general,msgformat,,,,,0,=,Medium
2.5.10.6.3,Office 2016 / Office 365: Outlook,"(L1) Ensure 'Make Outlook the default program for E -mail, Contacts, and Calendar' is set to 'Enabled' (Automated)",Registry,,HKCU:\SOFTWARE\Policies\Microsoft\office\16.0\outlook\options\general,check default client,,,,,1,=,Medium
2.5.10.8.1.2.1,Office 2016 / Office 365: Outlook,(L1) Ensure 'Access to published calendars' is set to 'Enabled' (Automated),Registry,,HKCU:\SOFTWARE\Policies\Microsoft\office\16.0\outlook\options\pubcal,restrictedaccessonly,,,,,1,=,Medium
2.5.10.8.1.2.2,Office 2016 / Office 365: Outlook,(L1) Ensure 'Prevent publishing to a DAV server' is set to 'Enabled' (Automated),Registry,,HKCU:\SOFTWARE\Policies\Microsoft\office\16.0\outlook\options\pubcal,disabledav,,,,,1,=,Medium
2.5.10.8.1.2.3,Office 2016 / Office 365: Outlook,(L1) Ensure 'Prevent publishing to Office.com' is set to 'Enabled' (Automated),Registry,,HKCU:\SOFTWARE\Policies\Microsoft\office\16.0\outlook\options\pubcal,disableofficeonline,,,,,1,=,Medium
2.5.10.8.1.2.4,Office 2016 / Office 365,(L1) Ensure 'Restrict level of calendar details users can publish' is set to 'Enabled: Disables Full details and Limited details' (Automated),Registry,,HKCU:\SOFTWARE\Policies\Microsoft\Office\16.0\Outlook\options\pubcal,publishcalendardetailspolicy,,,,,16384,=,Medium
2.5.10.8.1.2.5,Office 2016 / Office 365: Outlook,(L1) Ensure 'Restrict upload method' is set to 'Enabled' (Automated),Registry,,HKCU:\SOFTWARE\Policies\Microsoft\office\16.0\outlook\options\pubcal,singleuploadonly,,,,,1,=,Medium
2.5.10.8.3.1,Office 2016 / Office 365: Outlook,(L2) Ensure 'Read e -mail as plain text' is set to 'Enabled' (Automated),Registry,,HKCU:\SOFTWARE\Policies\Microsoft\office\16.0\outlook\options\mail,readasplain,,,,,1,=,Medium
2.5.10.8.3.2,Office 2016 / Office 365: Outlook,(L2) Ensure 'Read signed e -mail as plain text' is set to 'Enabled' (Automated),Registry,,HKCU:\SOFTWARE\Policies\Microsoft\office\16.0\outlook\options\mail,readsignedasplain,,,,,1,=,Medium
2.5.10.8.4.1,Office 2016 / Office 365: Outlook,(L1) Ensure 'Add e -mail recipients to users' Safe Senders Lists' is set to 'Disabled' (Automated),Registry,,HKCU:\SOFTWARE\Policies\Microsoft\office\16.0\outlook\options\mail,junkmailtrustoutgoingrecipients,,,,,0,=,Medium
2.5.10.8.4.2,Office 2016 / Office 365: Outlook,(L1) Ensure 'Hide Junk Mail UI' is set to 'Disabled' (Automated),Registry,,HKCU:\SOFTWARE\Policies\Microsoft\office\16.0\outlook,disableantispam,,,,,0,=,Medium
2.5.10.8.4.3,Office 2016 / Office 365: Outlook,(L1) Ensure 'Junk E -mail protection level' is set to 'Enabled: High' (Automated),Registry,,HKCU:\SOFTWARE\Policies\Microsoft\office\16.0\outlook\options\mail,junkmailprotection,,,,,3,=,Medium
2.5.10.8.4.4,Office 2016 / Office 365: Outlook,(L1) Ensure 'Trust e-mail from contacts' is set to 'Disabled' (Automated),Registry,,HKCU:\SOFTWARE\Policies\Microsoft\office\16.0\outlook\options\mail,junkmailtrustcontacts,,,,,0,=,Medium
2.5.10.11,Office 2016 / Office 365,(L2) Ensure 'Internet and network paths into hyperlinks' is set to 'Disabled' (Automated),Registry,,HKCU:\SOFTWARE\Policies\Microsoft\Office\16.0\Outlook\options\autoformat,pgrfafo_25_1,,,,,0,=,Medium
2.5.11.1,Office 2016 / Office 365: Outlook,(L1) Ensure 'Turn off Outlook Social Connector' is set to 'Enabled' (Automated),Registry,,HKCU:\SOFTWARE\Policies\Microsoft\office\outlook\socialconnector,runosc,,,,,0,=,Medium
2.5.14.1.1,Office 2016 / Office 365: Outlook,(L1) Ensure 'Automatically download content for e -mail from people in Safe Senders and Safe Recipients Lists' is set to 'Disabled' (Automated),Registry,,HKCU:\SOFTWARE\Policies\Microsoft\office\16.0\outlook\options\mail,unblockspecificsenders,,,,,0,=,Medium
2.5.14.1.2,Office 2016 / Office 365: Outlook,(L1) Ensure 'Block Trusted Zones' is set to 'Enabled' (Automated),Registry,,HKCU:\SOFTWARE\Policies\Microsoft\office\16.0\outlook\options\mail,trustedzone,,,,,0,=,Medium
2.5.14.1.3,Office 2016 / Office 365: Outlook,(L1) Ensure 'Display pictures and external content in HTML e -mail' is set to 'Enabled' (Automated),Registry,,HKCU:\SOFTWARE\Policies\Microsoft\office\16.0\outlook\options\mail,blockextcontent,,,,,1,=,Medium
2.5.14.1.4,Office 2016 / Office 365: Outlook,(L1) Ensure 'Do not permit download of content from safe zones' is set to 'Disabled' (Automated),Registry,,HKCU:\SOFTWARE\Policies\Microsoft\office\16.0\outlook\options\mail,unblocksafezone,,,,,1,=,Medium
2.5.14.1.5,Office 2016 / Office 365: Outlook,(L1) Ensure 'Include Internet in Safe Zones for Automatic Picture Download' is set to 'Disabled' (Automated),Registry,,HKCU:\SOFTWARE\Policies\Microsoft\office\16.0\outlook\options\mail,internet,,,,,0,=,Medium
2.5.14.2.1.1,Office 2016 / Office 365: Outlook,(L1) Ensure 'Attachment Secure Temporary Folder' is set to 'Disabled' (Automated),Registry,,HKCU:\SOFTWARE\Policies\Microsoft\office\16.0\outlook\security,outlooksecuretempfolder,,,,,,=,Medium
2.5.14.2.1.2,Office 2016 / Office 365: Outlook,(L1) Ensure 'Missing CRLs' is set to 'Enabled: Error' (Automated),Registry,,HKCU:\SOFTWARE\Policies\Microsoft\office\16.0\outlook\security,sigstatusnocrl,,,,,1,=,Medium
2.5.14.2.1.3,Office 2016 / Office 365: Outlook,(L1) Ensure 'Missing Root Certificates' is set to 'Enabled: Error' (Automated),Registry,,HKCU:\SOFTWARE\Policies\Microsoft\office\16.0\outlook\security,sigstatusnotrustdecision,,,,,2,=,Medium
2.5.14.2.1.4,Office 2016 / Office 365: Outlook,"(L1) Ensure 'Promote Level 2 errors as errors, not warnings' is set to 'Disabled' (Automated)",Registry,,HKCU:\SOFTWARE\Policies\Microsoft\office\16.0\outlook\security,promoteerrorsaswarnings,,,,,0,=,Medium
2.5.14.2.1.5,Office 2016 / Office 365: Outlook,(L1) Ensure 'Retrieving CRLs (Certificate Revocation Lists)' is set to 'Enabled: When online always retrieve the CRL' (Automated),Registry,,HKCU:\SOFTWARE\Policies\Microsoft\office\16.0\outlook\security,usecrlchasing,,,,,1,=,Medium
2.5.14.2.2,Office 2016 / Office 365: Outlook,(L1) Ensure 'Do not display 'Publish to GAL' button' is set to 'Enabled' (Automated),Registry,,HKCU:\SOFTWARE\Policies\Microsoft\office\16.0\outlook\security,publishtogaldisabled,,,,,1,=,Medium
2.5.14.2.3,Office 2016 / Office 365: Outlook,(L1) Ensure 'Do not provide Continue option on Encryption warning dialog boxes' is set to 'Enabled' (Automated),Registry,,HKCU:\SOFTWARE\Policies\Microsoft\office\16.0\outlook\security,disablecontinueencryption,,,,,1,=,Medium
2.5.14.2.4,Office 2016 / Office 365: Outlook,(L1) Ensure 'Message Formats' is set to 'Enabled: S/MIME' (Automated),Registry,,HKCU:\SOFTWARE\Policies\Microsoft\office\16.0\outlook\security,msgformats,,,,,1,=,Medium
2.5.14.2.5,Office 2016 / Office 365: Outlook,(L1) Ensure 'Minimum encryption settings' is set to 'Enabled: 256' (Automated),Registry,,HKCU:\SOFTWARE\Policies\Microsoft\office\16.0\outlook\security,minenckey,,,,,256,=,Medium
2.5.14.2.6,Office 2016 / Office 365: Outlook,(L1) Ensure 'S/MIME interoperability with external clients:' is set to 'Enabled: Handle internally' (Automated),Registry,,HKCU:\SOFTWARE\Policies\Microsoft\office\16.0\outlook\security,externalsmime,,,,,0,=,Medium
2.5.14.2.7,Office 2016 / Office 365: Outlook,(L1) Ensure 'Signature Warning' is set to 'Enabled: Always warn about invalid signatures' (Automated),Registry,,HKCU:\SOFTWARE\Policies\Microsoft\office\16.0\outlook\security,warnaboutinvalid,,,,,1,=,Medium
2.5.14.3.1.1,Office 2016 / Office 365: Outlook,(L1) Ensure 'Allow users to demote attachments to Level 2' is set to 'Disabled' (Automated),Registry,,HKCU:\SOFTWARE\Policies\Microsoft\office\16.0\outlook\security,allowuserstolowerattachments,,,,,0,=,Medium
2.5.14.3.1.2,Office 2016 / Office 365: Outlook,(L1) Ensure 'Display Level 1 attachments' is set to 'Disabled' (Automated),Registry,,HKCU:\SOFTWARE\Policies\Microsoft\office\16.0\outlook\security,showlevel1attach,,,,,0,=,Medium
2.5.14.3.1.3,Office 2016 / Office 365: Outlook,(L1) Ensure 'Do not prompt about Level 1 attachments when closing an item' is set to 'Disabled' (Automated),Registry,,HKCU:\SOFTWARE\Policies\Microsoft\office\16.0\outlook\security,dontpromptlevel1attachclose,,,,,0,=,Medium
2.5.14.3.1.4,Office 2016 / Office 365: Outlook,(L1) Ensure 'Do not prompt about Level 1 attachments when sending an item' is set to 'Disabled' (Automated),Registry,,HKCU:\SOFTWARE\Policies\Microsoft\office\16.0\outlook\security,dontpromptlevel1attachsend,,,,,0,=,Medium
2.5.14.3.1.5,Office 2016 / Office 365: Outlook,(L1) Ensure 'Remove file extensions blocked as Level 1' is set to 'Disabled' (Automated),Registry,,HKCU:\SOFTWARE\Policies\Microsoft\office\16.0\outlook\security,fileextensionsremovelevel1,,,,,,=,Medium
2.5.14.3.1.6,Office 2016 / Office 365,(L1) Ensure 'Remove file extensions blocked as Level 2' is set to 'Disabled' (Automated),Registry,,HKCU:\Software\Policies\Microsoft\Office\16.0\Outlook\Security,fileextensionsremovelevel2,,,,,,=,Medium
2.5.14.3.2.1,Office 2016 / Office 365: Outlook,(L1) Ensure 'Allow scripts in one -off Outlook forms' is set to 'Disabled' (Automated),Registry,,HKCU:\SOFTWARE\Policies\Microsoft\office\16.0\outlook\security,enableoneoffformscripts,,,,,0,=,Medium
2.5.14.3.2.2,Office 2016 / Office 365: Outlook,(L1) Ensure 'Set Outlook object model custom actions execution prompt' is set to 'Enabled: Automatically Deny' (Automated),Registry,,HKCU:\SOFTWARE\Policies\Microsoft\office\16.0\outlook\security,promptoomcustomaction,,,,,0,=,Medium
2.5.14.3.3.2,Office 2016 / Office 365: Outlook,(L1) Ensure 'Configure Outlook object model prompt when accessing an address book' is set to 'Enabled: Automatically Deny' (Automated),Registry,,HKCU:\SOFTWARE\Policies\Microsoft\office\16.0\outlook\security,promptoomaddressinformationaccess,,,,,0,=,Medium
2.5.14.3.3.3,Office 2016 / Office 365: Outlook,(L1) Ensure 'Configure Outlook object model prompt When accessing the Formula property of a UserProperty object' is set to 'Enabled: Automatically Deny' (Automated),Registry,,HKCU:\SOFTWARE\Policies\Microsoft\office\16.0\outlook\security,promptoommeetingtaskrequestresponse,,,,,0,=,Medium
2.5.14.3.3.4,Office 2016 / Office 365: Outlook,(L1) Ensure 'Configure Outlook object model prompt when executing Save As' is set to 'Enabled: Automatically Deny' (Automated),Registry,,HKCU:\SOFTWARE\Policies\Microsoft\office\16.0\outlook\security,promptoomsaveas,,,,,0,=,Medium
2.5.14.3.3.5,Office 2016 / Office 365: Outlook,(L1) Ensure 'Configure Outlook object model prompt when reading address information' is set to 'Enabled: Automatically Deny' (Automated),Registry,,HKCU:\SOFTWARE\Policies\Microsoft\office\16.0\outlook\security,promptoomaddressinformationaccess,,,,,0,=,Medium
2.5.14.3.3.6,Office 2016 / Office 365: Outlook,(L1) Ensure 'Configure Outlook object model prompt when responding to meeting and task requests' is set to 'Enabled: Automatically Deny' (Automated),Registry,,HKCU:\SOFTWARE\Policies\Microsoft\office\16.0\outlook\security,promptoommeetingtaskrequestresponse,,,,,0,=,Medium
2.5.14.3.3.7,Office 2016 / Office 365: Outlook,(L1) Ensure 'Configure Outlook object model prompt when sending mail' is set to 'Enabled: Automatically Deny' (Automated),Registry,,HKCU:\SOFTWARE\Policies\Microsoft\office\16.0\outlook\security,promptoomsend,,,,,0,=,Medium
2.5.14.3.4,Office 2016 / Office 365: Outlook,(L1) Ensure 'Outlook Security Mode' is set to 'Enabled: Use Outlook Security Group Policy' (Automated),Registry,,HKCU:\SOFTWARE\Policies\Microsoft\office\16.0\outlook\security,adminsecuritymode,,,,,3,=,Medium
2.5.14.4.1,Office 2016 / Office 365: Outlook,(L1) Ensure 'Allow hyperlinks in suspected phishing e -mail messages' is set to 'Disabled' (Automated),Registry,,HKCU:\SOFTWARE\Policies\Microsoft\office\16.0\outlook\options\mail,junkmailenablelinks,,,,,0,=,Medium
2.5.14.4.2,Office 2016 / Office 365: Outlook,"(L1) Ensure 'Security setting for macros' is set to 'Enabled: Warn for signed, disable unsigned' (Automated)",Registry,,HKCU:\SOFTWARE\Policies\Microsoft\office\16.0\outlook\security,level,,,,,3,=,Medium
2.5.14.5,Office 2016 / Office 365: Outlook,(L1) Ensure 'Allow Active X One Off Forms' is set to 'Enabled: Load only Outlook Controls' (Automated),Registry,,HKCU:\SOFTWARE\Policies\Microsoft\office\outlook\16.0\outlook\security,allowactivexoneoffforms,,,,,0,=,Medium
2.5.14.6,Office 2016 / Office 365: Outlook,(L1) Ensure 'Disable 'Remember password' for Internet e-mail accounts' is set to 'Enabled' (Automated),Registry,,HKCU:\SOFTWARE\Policies\Microsoft\office\16.0\outlook\security,enablerememberpwd,,,,,0,=,Medium
2.5.14.7,Office 2016 / Office 365: Outlook,(L1) Ensure 'Do not automatically sign replies' is set to 'Disabled' (Automated),Registry,,HKCU:\SOFTWARE\Policies\Microsoft\office\16.0\outlook\security,nosignonreply,,,,,0,=,Medium
2.5.14.8,Office 2016 / Office 365: Outlook,(L1) Ensure 'Prevent users from customizing attachment security settings' is set to 'Enabled' (Automated),Registry,,HKCU:\SOFTWARE\Policies\Microsoft\office\16.0\outlook,disallowattachmentcustomization,,,,,1,=,Medium
2.5.14.9,Office 2016 / Office 365: Outlook,(L1) Ensure 'Prompt user to choose security settings if default settings fail' is set to 'Disabled' (Automated),Registry,,HKCU:\SOFTWARE\Policies\Microsoft\office\16.0\outlook\security,forcedefaultprofile,,,,,0,=,Medium
2.6.5.2,Office 2016 / Office 365: PowerPoint,(L2) Ensure 'Disable Slide Update' is set to 'Enabled' (Automated),Registry,,HKCU:\SOFTWARE\Policies\Microsoft\office\16.0\powerpoint\slide libraries,disableslideupdate,,,,,1,=,Medium
2.6.6.5.1,Office 2016 / Office 365: PowerPoint,(L1) Ensure 'Default file format' is set to 'Enabled: PowerPoint Presentation (*pptx)' (Automated),Registry,,HKCU:\SOFTWARE\Policies\Microsoft\office\16.0\powerpoint\options,defaultformat,,,,,27,=,Medium
2.6.6.6.2.1.1,Office 2016 / Office 365: Excel,"(L1) Ensure 'PowerPoint 97 -2003 presentations, shows, templates and add -in files' is set to 'Enabled: Open/Save blocked, use open policy' (Automated)",Registry,,HKCU:\SOFTWARE\Policies\Microsoft\office\16.0\excel\powerpoint\security\fileblock,binaryfiles,,,,,2,=,Medium
2.6.6.6.2.1.2,Office 2016 / Office 365: PowerPoint,(L1) Ensure 'Set default file block behavior' to 'Enabled: Blocked files are not opened' (Automated),Registry,,HKCU:\SOFTWARE\Policies\Microsoft\Office\16.0\powerpoint\security\fileblock,openinprotectedview,,,,,0,=,Medium
2.6.6.6.2.2.1,Office 2016 / Office 365: PowerPoint,(L1) Ensure 'Do not open files from the Internet zone in Protected View' is set to 'Disabled' (Automated),Registry,,HKCU:\SOFTWARE\Policies\Microsoft\office\16.0\powerpoint\security\protectedview,disableinternetfilesinpv,,,,,0,=,Medium
2.6.6.6.2.2.2,Office 2016 / Office 365: PowerPoint,(L1) Ensure 'Do not open files in unsafe locations in Protected View' is set to 'Disabled' (Automated),Registry,,HKCU:\SOFTWARE\Policies\Microsoft\office\16.0\powerpoint\security\protectedview,disableunsafelocationsinpv,,,,,0,=,Medium
2.6.6.6.2.2.3,Office 2016 / Office 365: PowerPoint,(L1) Ensure 'Set document behavior if file validation fails' is set to 'Enabled: Open in Protected View' (Automated),Registry,,HKCU:\SOFTWARE\Policies\Microsoft\office\16.0\powerpoint\security\filevalidation,openinprotectedview,,,,,1,=,Medium
2.6.6.6.2.2.4,Office 2016 / Office 365: PowerPoint,(L1) Ensure 'Set document behavior if file validation fails' is set to 'Unchecked: Do not allow edit' (Automated),Registry,,HKCU:\SOFTWARE\Policies\Microsoft\office\16.0\powerpoint\security\filevalidation,disableeditfrompv,,,,,1,=,Medium
2.6.6.6.2.2.5,Office 2016 / Office 365: PowerPoint,(L1) Ensure 'Turn off Protected View for attachments opened from Outlook' is set to 'Disabled' (Automated),Registry,,HKCU:\SOFTWARE\Policies\Microsoft\office\16.0\powerpoint\security\protectedview,disableattachmentsinpv,,,,,0,=,Medium
2.6.6.6.2.3.1,Office 2016 / Office 365: PowerPoint,(L1) Ensure 'Allow Trusted Locations on the network' is set to 'Disabled' (Automated),Registry,,HKCU:\SOFTWARE\Policies\Microsoft\office\16.0\powerpoint\security\trusted locations,allownetworklocations,,,,,0,=,Medium
2.6.6.6.2.3.2,Office 2016 / Office 365: PowerPoint,(L2) Ensure 'Disable all trusted locations' is set to 'Enabled' (Automated),Registry,,HKCU:\SOFTWARE\Policies\Microsoft\office\16.0\powerpoint\security\trusted locations,alllocationsdisabled,,,,,1,=,Medium
2.6.6.6.2.4,Office 2016 / Office 365: PowerPoint,(L1) Ensure 'Block macros from running in Office files from the Internet' is set to 'Enabled' (Automated),Registry,,HKCU:\SOFTWARE\policies\microsoft\office\16.0\powerpoint\security,blockcontentexecutionfrominternet,,,,,1,=,Medium
2.6.6.6.2.5,Office 2016 / Office 365: PowerPoint,(L1) Ensure 'Disable Trust Bar Notification for unsigned application add -ins and block them' is set to 'Enabled' (Automated),Registry,,HKCU:\SOFTWARE\Policies\Microsoft\office\16.0\powerpoint\security,notbpromptunsignedaddin,,,,,1,=,Medium
2.6.6.6.2.6,Office 2016 / Office 365: PowerPoint,(L1) Ensure 'Require that application add -ins are signed by Trusted Publisher' is set to 'Enabled' (Automated),Registry,,HKCU:\SOFTWARE\Policies\Microsoft\office\16.0\powerpoint\security,requireaddinsig,,,,,1,=,Medium
2.6.6.6.2.7,Office 2016 / Office 365: PowerPoint,(L1) Ensure 'Trust Access to Visual Basic Project' is set to 'Disabled' (Automated),Registry,,HKCU:\SOFTWARE\Policies\Microsoft\office\16.0\powerpoint\security,accessvbom,,,,,0,=,Medium
2.6.6.6.2.8,Office 2016 / Office 365: PowerPoint,(L1) Ensure 'VBA Macro Notification Settings' is set to 'Enabled: Disable all except digitally signed macros' (Automated),Registry,,HKCU:\SOFTWARE\Policies\Microsoft\office\16.0\powerpoint\security,vbawarnings,,,,,3,=,Medium
2.6.6.6.2.9,Office 2016 / Office 365: PowerPoint,(L1) Ensure 'VBA Macro Notification Settings' is set to 'Require macros to be signed by a trusted publisher' (Automated),Registry,,HKCU:\SOFTWARE\Policies\Microsoft\office\16.0\powerpoint\security,vbadigsigtrustedpublishers,,,,,1,=,Medium
2.6.6.6.3,Office 2016 / Office 365: PowerPoint,(L1) Ensure 'Make hidden markup visible' is set to 'Enabled' (Automated),Registry,,HKCU:\SOFTWARE\Policies\Microsoft\office\16.0\powerpoint\options,markupopensave,,,,,1,=,Medium
2.6.6.6.4,Office 2016 / Office 365: PowerPoint,(L1) Ensure 'Run Programs' is set to 'Enabled: disable (don't run any programs)' (Automated),Registry,,HKCU:\SOFTWARE\Policies\Microsoft\office\16.0\powerpoint\security,runprograms,,,,,0,=,Medium
2.6.6.6.5,Office 2016 / Office 365: PowerPoint,(L1) Ensure 'Scan encrypted macros in PowerPoint Open XML presentations' is set to 'Enabled: Scan encrypted macros' (Automated),Registry,,HKCU:\SOFTWARE\Policies\Microsoft\office\16.0\powerpoint\security,powerpointbypassencryptedmacroscan,,,,,0,=,Medium
2.6.6.6.6,Office 2016 / Office 365: PowerPoint,(L1) Ensure 'Turn off file validation' is set to 'Disabled' (Automated),Registry,,HKCU:\SOFTWARE\Policies\Microsoft\office\16.0\powerpoint\security\filevalidation,enableonload,,,,,1,=,Medium
2.6.6.6.7,Office 2016 / Office 365: PowerPoint,(L1) Ensure 'Unblock automatic download of linked images' is set to 'Disabled' (Automated),Registry,,HKCU:\SOFTWARE\Policies\Microsoft\office\16.0\powerpoint\security,downloadimages,,,,,0,=,Medium
2.8.4.1.1,Office 2016 / Office 365: Publisher,(L1) Ensure 'Block macros from running in Office files from the internet' is set to 'Enabled' (Automated),Registry,,HKCU:\SOFTWARE\Policies\Microsoft\office\16.0\publisher\security,blockcontentexecutionfrominternet,,,,,1,=,Medium
2.8.4.1.2,Office 2016 / Office 365: Publisher,(L1) Ensure 'Disable Trust Bar Notification for unsigned application add -ins and block them' is set to 'Enabled' (Automated),Registry,,HKCU:\SOFTWARE\Policies\Microsoft\office\16.0\publisher\security,notbpromptunsignedaddin,,,,,1,=,Medium
2.8.4.1.3,Office 2016 / Office 365: Publisher,(L1) Ensure 'Require that application add -ins are signed by Trusted Publisher' to 'Enabled' (Automated),Registry,,HKCU:\SOFTWARE\Policies\Microsoft\office\16.0\publisher\security,requireaddinsig,,,,,1,=,Medium
2.8.4.1.4,Office 2016 / Office 365: Publisher,(L1) Ensure 'VBA Macro Notification Settings' is set to 'Enabled: Disable all except digitally signed macros' (Automated),Registry,,HKCU:\SOFTWARE\Policies\Microsoft\office\16.0\publisher\security,vbawarnings,,,,,3,=,Medium
2.8.4.1.5,Office 2016 / Office 365: Publisher,(L1) Ensure 'VBA Macro Notification Settings' is set to 'Require macros to be signed by a trusted publisher' (Automated),Registry,,HKCU:\SOFTWARE\Policies\Microsoft\office\16.0\publisher\security,vbadigsigtrustedpublishers,,,,,1,=,Medium
2.8.4.2,Office 2016 / Office 365,(L1) Ensure 'Publisher Automation Security Level' is set to 'Enabled: By UI (prompted)' (Automated),Registry,,HKCU:\SOFTWARE\Policies\Microsoft\office\common\security,automationsecuritypublisher,,,,,2,=,Medium
2.11.6.2,Office 2016 / Office 365,(L2) Ensure 'Use online translation dictionaries' is set to 'Disabled' (Automated),Registry,,HKCU:\SOFTWARE\Policies\Microsoft\office\16.0\common\research\translation,useonline,,,,,0,=,Medium
2.11.8.1.2,Office 2016 / Office 365: Word,(L1) Ensure 'Update automatic links at Open' is set to 'Disabled' (Automated),Registry,,HKCU:\SOFTWARE\Policies\Microsoft\office\16.0\word\options,dontupdatelinks,,,,,1,=,Medium
2.11.8.3.1,Office 2016 / Office 365: Word,(L1) Ensure 'Hidden text' is set to 'Enabled' (Automated),Registry,,HKCU:\SOFTWARE\Policies\Microsoft\office\16.0\word\options,showhiddentext,,,,,1,=,Medium
2.11.8.6.1,Office 2016 / Office 365: Word,(L1) Ensure 'Default file format' is set to 'Enabled: Word Document (.docx)' (Automated),Registry,,HKCU:\SOFTWARE\Policies\Microsoft\office\16.0\word\options,defaultformat,,,,,null,=,Medium
2.11.8.7.2.1.1,Office 2016 / Office 365: Word,(L1) Ensure 'Set default file block behavior' is set to 'Enabled: Blocked files are not opened' (Automated),Registry,,HKCU:\SOFTWARE\Policies\Microsoft\office\16.0\word\security\fileblock,openinprotectedview,,,,,0,=,Medium
2.11.8.7.2.1.2,Office 2016 / Office 365: Word,"(L1) Ensure 'Word 2 and earlier binary documents and templates' is set to 'Enabled: Open/Save blocked, use open policy' (Automated)",Registry,,HKCU:\SOFTWARE\Policies\Microsoft\office\16.0\word\security\fileblock,word2files,,,,,2,=,Medium
2.11.8.7.2.1.3,Office 2016 / Office 365: Word,"(L1) Ensure 'Word 2000 binary documents and templates' is set to 'Enabled: Open/Save blocked, use open policy' (Automated)",Registry,,HKCU:\SOFTWARE\Policies\Microsoft\office\16.0\word\security\fileblock,word2000files,,,,,2,=,Medium
2.11.8.7.2.1.4,Office 2016 / Office 365: Word,"(L1) Ensure 'Word 2003 binary documents and templates' is set to 'Enabled: Open/Save blocked, use open policy' (Automated)",Registry,,HKCU:\SOFTWARE\Policies\Microsoft\office\16.0\word\security\fileblock,word2003files,,,,,2,=,Medium
2.11.8.7.2.1.5,Office 2016 / Office 365: Word,"(L1) Ensure 'Word 2007 and later binary documents and templates' is set to 'Enabled: Open/Save blocked, use open policy' (Automated)",Registry,,HKCU:\SOFTWARE\Policies\Microsoft\office\16.0\word\security\fileblock,word2007files,,,,,2,=,Medium
2.11.8.7.2.1.6,Office 2016 / Office 365: Word,"(L1) Ensure 'Word 6.0 binary documents and templates' is set to 'Enabled: Open/Save blocked, use open policy' (Automated)",Registry,,HKCU:\SOFTWARE\Policies\Microsoft\office\16.0\word\security\fileblock,word60files,,,,,2,=,Medium
2.11.8.7.2.1.7,Office 2016 / Office 365: Word,"(L1) Ensure 'Word 95 binary documents and templates' is set to 'Enabled: Open/Save blocked, use open policy' (Automated)",Registry,,HKCU:\SOFTWARE\Policies\Microsoft\office\16.0\word\security\fileblock,word95files,,,,,2,=,Medium
2.11.8.7.2.1.8,Office 2016 / Office 365: Word,"(L1) Ensure 'Word 97 binary documents and templates' is set to 'Enabled: Open/Save blocked, use open policy' (Automated)",Registry,,HKCU:\SOFTWARE\Policies\Microsoft\office\16.0\word\security\fileblock,word97files,,,,,2,=,Medium
2.11.8.7.2.1.9,Office 2016 / Office 365: Word,"(L1) Ensure 'Word XP binary documents and templates' is set to 'Enabled: Open/Save blocked, use open policy' (Automated)",Registry,,HKCU:\SOFTWARE\Policies\Microsoft\office\16.0\word\security\fileblock,wordxpfiles,,,,,2,=,Medium
2.11.8.7.2.2.1,Office 2016 / Office 365: Word,(L1) Ensure 'Do not open files from the internet zone in Protected View' is set to 'Disabled' (Automated),Registry,,HKCU:\SOFTWARE\Policies\Microsoft\office\16.0\word\security\protectedview,disableinternetfilesinpv,,,,,0,=,Medium
2.11.8.7.2.2.2,Office 2016 / Office 365: Word,(L1) Ensure 'Do not open files in unsafe locations in Protected View' is set to 'Disabled' (Automated),Registry,,HKCU:\SOFTWARE\Policies\Microsoft\office\16.0\word\security\protectedview,disableunsafelocationsinpv,,,,,0,=,Medium
2.11.8.7.2.2.3,Office 2016 / Office 365: Word,(L1) Ensure 'Set document behavior if file validation fails' is set to 'Enabled: Open in Protected View' (Automated),Registry,,HKCU:\SOFTWARE\Policies\Microsoft\office\16.0\word\security\filevalidation,openinprotectedview,,,,,1,=,Medium
2.11.8.7.2.2.4,Office 2016 / Office 365: Word,(L1) Ensure 'Set document behavior if file validation fails' is set to 'Unchecked: Do not allow edit` (Automated),Registry,,HKCU:\SOFTWARE\Policies\Microsoft\office\16.0\word\security\filevalidation,disableeditfrompv,,,,,1,=,Medium
2.11.8.7.2.2.5,Office 2016 / Office 365: Word,(L1) Ensure 'Turn off Protected View for attachments opened from Outlook' is set to 'Disabled' (Automated),Registry,,HKCU:\SOFTWARE\Policies\Microsoft\office\16.0\word\security\protectedview,disableattachmentsinpv,,,,,0,=,Medium
2.11.8.7.2.3.1,Office 2016 / Office 365: Word,(L1) Ensure 'Allow Trusted Locations on the network' is set to 'Disabled' (Automated),Registry,,HKCU:\SOFTWARE\Policies\Microsoft\office\16.0\word\security\trusted locations,allownetworklocations,,,,,0,=,Medium
2.11.8.7.2.3.2,Office 2016 / Office 365: Word,(L2) Ensure 'Disable all trusted locations' is set to 'Enabled' (Automated),Registry,,HKCU:\SOFTWARE\Policies\Microsoft\office\16.0\word\security\trusted locations,alllocationsdisabled,,,,,1,=,Medium
2.11.8.7.2.4,Office 2016 / Office 365: Word,(L1) Ensure 'Block macros from running in Office files from the Internet' is set to 'Enabled' (Automated),Registry,,HKCU:\SOFTWARE\policies\microsoft\office\16.0\word\security,blockcontentexecutionfrominternet,,,,,1,=,Medium
2.11.8.7.2.5,Office 2016 / Office 365: Word,(L1) Ensure 'Disable Trust Bar Notification for unsigned application add -ins and block them' is set to 'Enabled' (Automated),Registry,,HKCU:\SOFTWARE\Policies\Microsoft\office\16.0\word\security,notbpromptunsignedaddin,,,,,1,=,Medium
2.11.8.7.2.6,Office 2016 / Office 365: Word,(L1) Ensure 'Dynamic Data Exchange' is set to 'Disabled' (Automated),Registry,,HKCU:\SOFTWARE\policies\microsoft\office\16.0\word\security,allowdde,,,,,,=,Medium
2.11.8.7.2.7,Office 2016 / Office 365: Word,(L1) Ensure 'Require that application add -ins are signed by Trusted Publisher' is set to 'Enabled' (Automated),Registry,,HKCU:\SOFTWARE\Policies\Microsoft\office\16.0\word\security,requireaddinsig,,,,,1,=,Medium
2.11.8.7.2.8,Office 2016 / Office 365: Word,(L1) Ensure 'Scan encrypted macros in Word Open XML Documents' to 'Enabled: Scan encrypted macros (default)' (Automated),Registry,,HKCU:\SOFTWARE\Policies\Microsoft\office\16.0\word\security,wordbypassencryptedmacroscan,,,,,0,=,Medium
2.11.8.7.2.9,Office 2016 / Office 365: Word,(L1) Ensure 'Trust access to Visual Basic Project' is set to 'Disabled' (Automated),Registry,,HKCU:\SOFTWARE\Policies\Microsoft\office\16.0\word\security,accessvbom,,,,,0,=,Medium
2.11.8.7.2.10,Office 2016 / Office 365: Word,(L1) Ensure 'VBA Macro Notification Settings' is set to 'Enabled: Disable all except digitally signed macros' (Automated),Registry,,HKCU:\SOFTWARE\Policies\Microsoft\office\16.0\word\security,vbawarnings,,,,,3,=,Medium
2.11.8.7.2.11,Office 2016 / Office 365: Word,(L1) Ensure 'VBA Macro Notification Settings' is set to 'Require macros to be signed by a trusted publisher' (Automated),Registry,,HKCU:\SOFTWARE\Policies\Microsoft\office\16.0\word\security,vbadigsigtrustedpublishers,,,,,1,=,Medium
2.11.8.7.3,Office 2016 / Office 365: Word,(L1) Ensure 'Make hidden markup visible' is set to 'Enabled' (Automated),Registry,,HKCU:\SOFTWARE\Policies\Microsoft\office\16.0\word\options,showmarkupopensave,,,,,1,=,Medium
2.11.8.7.4,Office 2016 / Office 365: Word,(L1) Ensure 'Turn off file validation' is set to 'Disabled' (Automated),Registry,,HKCU:\SOFTWARE\Policies\Microsoft\office\16.0\word\security\filevalidation,enableonload,,,,,1,=,Medium
